200,100,Jhon,Andres
250,200,Pepe,Pepe
300,300,Maria,maria
510,500,Pepa,Pepa
750,700,Lucas,Luca
1000.12345,1000.12345,Ray,Ray